{
    "scenario": "Kampüste öğle saatlerinde, iki öğrenci olan Savaş ve Barış arasında bir sözlü tartışma başlar. Barış, Savaş’ın önceden anlaşmalarına rağmen sınavda kendisine kopya vermemesi üzerine Savaş’a “kaypak, senden de ne beklenirdi ki zaten…” demiştir. Tartışma, Savaş’ın Barış’a fiziksel olarak saldırmasıyla kavgaya dönüşür. Savaş, Barış’ı muşta ile yumruklar ve Barış’ın burnu kırılır. Kampüs güvenliği olaya müdahale eder ve polisi çağırır. Polis olay yerine gelir ve tarafların ifadelerini alır. Savaş, olayın anlık öfkeyle gerçekleştiğini ve pişman olduğunu belirtir. Barış ise Savaş’ın kendisine durduk yere saldırdığını iddia eder. Kampüs güvenliği ve çevredeki öğrenciler tanık olarak ifadelerini verir. Barış hastaneye kaldırılır ve tedavi altına alınır. Hastane, Barış’ın yaralanma durumuna ilişkin bir rapor hazırlar. Savaş, bir avukattan hukuki danışmanlık alır ve savcı Savaş hakkında kasten yaralama suçundan iddianame hazırlar. Duruşma gününde, taraflar ve tanıklar mahkemede dinlenir. Barış’ın hastane raporu da delil olarak sunulur. Savaş’ın avukatı, Savaş’ın pişmanlığını ve olayın anlık öfkeyle gerçekleştiğini vurgulayarak ceza indirimi talep eder. Mahkeme, Savaş’ı kasten yaralama suçundan suçlu bulur, ancak pişmanlık ve tahrik nedeniyle cezasında indirim yapar. Savaş’a belirli bir süre hapis cezası verilir ve bu cezanın ertelenmesine karar verilir. Barış’ın zararları da tazmin edilir.",
    "questions": [
        {
            "question_id": "soru1",
            "text": "Savaş’ın pişmanlık ve tahrik durumları ceza hukukunda nasıl değerlendirilmektedir? Bu durumların ceza indirimi üzerindeki etkilerini açıklayınız.",
            "model_answer": "Harekete geçirme manasına gelen tahrik, kişide algılama ve özellikle davranışlarını yönlendirme yetilerini etkileyen bir haldir ve buna haksız bir fiil yol açmışsa ceza hukuku bakımından önem arz eder. Türk Ceza Kanunun (TCK) “Haksız Tahrik” başlıklı 29. maddesine göre haksız bir fiilin yol açtığı hiddet veya şiddetli elemin etkisi altında suç işleyen kişinin cezasında indirime gidilir. Haksız fiilin suç teşkil etmesi şart değildir. Hiddet veya şiddetli elemin de fiilin işlenmesi sırasında fiil üzerinde etkili olması gerekir. Fiilden sonra veya arada bağ kurulamayacak kadar uzun zaman önce olmuşsa değerlendirmeye alınmaz. Haksız tahrik, kusurluluğu azaltan bir hal olduğundan kusur ilkesine dayalı ceza hukukunda verilecek cezayı etkilemektedir. Haksız tahrikte suç oluşturan tepki fiilinin, tahrike sebep olan haksız fiille orantılı olması şart olmamakla birlikte açıkça orantısız bir karşılık karşı tarafın, gerçekleştireceği muhtemel tepki fiilleri için haksız tahrikten yararlanmasına sebebiyet verebilir. Pişmanlık ise yaptığından üzüntü duyma, yaptığını yapmamış olmayı dileme olarak tanımlanabilir. Tanımdan da anlaşılacağı üzere fiil gerçekleştikten sonra ortaya çıkan psikolojik bir durumdur. Ceza hukukunda ise pişmanlık yalnızca psikolojik değil, teknik bir kavram olarak değerlendirmeye alınır ve cezayı etkilemesi için bazı şartları sağlaması gerekir. “Etkin pişmanlık” olarak ele alınan bu kurum, haksız tahrikin aksine, bütün suçlara uygulanabilen genel hüküm niteliğinde bir düzenleme değildir. Bir suçta uygulanabilmesi için o suçta uygulanabileceğinin kanunda açıkça yazması gerekir. Ayrıca yalnızca fiilden üzüntü duyan bir ruh hali yeterli değildir. Pişmanlığın “etkin” sayılabilmesi için failin birtakım yükümlülükleri yerine getirmesi ve hakimde bir daha suç işlemeyeceği yönünde kanaat uyandıracak somut bir tavır takınması gerekir.",
            "students_answers": [
                {
                    "student_id": "student_001",
                    "answer": "Olayımızda bir kasten yaralama suçu mevcuttur. Normal şartlarda etkin pişmanlık sadece hangi suçlarda düzenlenmişse o suçlarda uygulama alanı bulmaktadır. Etkin pişmanlığın uygulandığı suçlarda kanuna göre ya cezaya hükmolunmayacağı ya da cezada indirim uygulanacağı düzenlenmektedir. Burada değerlendirilmesi gereken nokta kasten yaralama suçu bakımından etkin pişmanlık düzenlenmiş midir? Düzenlendiyse bir indirim mi yoksa ceza verilmemesi şeklinde mi düzenlenmiştir?  Ayrıca gönüllü vazgeçme açısından da bir değerlendirme yapılabilir ancak gönüllü vazgeçmeden bahsedebilmemiz için suçun tamamlanmamış olması ve failin kendi rızasıyla hareketi yapmaktan vazgeçmesi gerekir. Olayda zaten suç tamamlanmış olduğundan gönüllü vazgeçme söz konusu olamayacaktır. Kanuna göre kasten yaralama suçu açısından bir etkin pişmanlık hükmü düzenlenmemiştir. Dolayısıyla burada etkin pişmanlıktan yararlanma söz konusu olamayacak ve herhangi bir indirim uygulanmayacaktır. Tahrik durumunu değerlendirirsek haksız tahrik ceza kanununda bir indirim sebebi olarak düzenlenmiştir. Haksız tahrik her suç bakımından değerlendirilebilir ve indirim sebebi olarak uygulanabilir. Ancak haksız tahrikin uygulanabilmesi için bazı şartların gerçekleşmiş olması gerekmektedir. İlk şart olarak bir haksız hareketin bulunması gerekmektedir. İkinci şart olarak ise fail bu hareketin etkisiyle şiddetli bir elem etkisi altında bu suçu işlemiş olmalıdır. Bu iki şartın gerçekleşmemiş olması haksız tahrik indiriminin uygulanmasını önleyecektir. Fiil işlenirken elem etkisi geçmemiş olmalıdır. Olayımız açısından değerlendirecek olursak; Barış ile Savaş’ın daha önce anlaşmış olmalarına rağmen Savaş’ın kopya vermemesi haksız bir hareket olarak değerlendirilmeli mi bu konu tartışılmalıdır. Her ne kadar kopya konusunda anlaşmak hukuka uygun bir durum olmasa da Barış açısından bu durum değerlendirildiğinde bir haksız hareket olabilecektir.  İkinci olarak da değerlendirilecek konu Barış’ın Savaş’a karşı olan “kaypak, senden de ne beklenirdi ki zaten…” şeklindeki ifadeleri şiddetli bir elem etkisi yaratmış mıdır ve Savaş kasten yaralama suçunu bu elem etkisi altında mı işlemiştir? Bu sorulara olumlu cevap verildiği takdirde Savaş açısından haksız tahrik indiriminin uygulanması gerekecektir. Burada bu sözcükler Savaş açısından bir haksız tahrik oluşturacağından ve onu bu suçu işlemeye teşvik edeceği düşüncesinde olduğumdan indirim uygulanması gerektiği kanısındayım."
                }
            ]
        },
        {
            "question_id": "soru2",
            "text": "Barış’ın tartışma sırasında Savaş’a yönelik hakaret veya küçük düşürücü ifadeler kullanıp kullanmadığını değerlendiriniz. İfade özgürlüğünün sınırları ve hakaret suçunun nasıl hukuki bir çerçevede ele alınacağını açıklayınız.",
            "model_answer": "Hakaret, iki şekilde söz konusu olabilir. Birine doğrudan sövme şeklinde şeref ve saygınlığını zedeleyecek sözler söylenebilir veya kişiye, şeref ve saygınlığını zedeleyecek somut bir fiil veya olgu isnat edilebilir. Hakaret, Türk Ceza Kanununun 125. maddesinde bu iki şekli de kapsar biçimde suç olarak düzenlenmiştir. Sövme şeklinde gerçekleştirilen hakaret için bir hukuka uygunluk sebebi mevcut değildir. Hatta kişi buna rıza gösterse bile sövme hukuka uygun addedilemez. Somut fiil veya olgu isnadında ise gerek Kanunun 127. maddesi gerekse Anayasanın 39. maddesinde bazı şartların mevcudiyeti halinde kişiye bu isnadı ispat hakkı tanınmıştır. Hakaret suçu şüphesiz ki çoğunlukla ifade özgürlüğüyle birlikte gündeme gelmektedir. Anayasanın 26. maddesine göre herkes, düşünce ve kanaatlerini söz, yazı, resim veya başka yollarla tek başına veya toplu olarak açıklama ve yayma hakkına sahiptir. Ancak bu hak sınırsız değildir. Aynı maddede bunun sınırlanabileceği haller arasında başkalarının şöhret veya haklarının, özel veya aile hayatının korunması halleri de sayılmıştır. Kişiye isnat edilen fiil veya olgunun güncel, gerçek olması ve açıklamasında kamu yararının bulunması gerekir. Söz konusu iddia bir suça ilişkin ise veya kamu görevlisinin görevi ile ilgili bir husus ise kamu yararının olduğu TCK ve Anayasa hükümlerince bir karine olarak değerlendirilebilir. Eleştiri de bu özgürlük kapsamındadır. Ancak bunun yine ölçülü olması gerekir. Burada bir içerik bir de muhatap değerlendirmesi yapılmalıdır. Öncelikle eleştirinin içeriğinin kişinin şeref ve saygınlığına saldırı niteliğinde olmaması gerekir. İkinci olarak eleştirinin dozunun, muhatabına göre değiştiği de kabul edilmelidir. Söz gelimi topluma mal olmuş kişilerin ve daha da önemlisi topluma hesap verme konumunda bulunan kişilerin ağır eleştirilere dahi toleranslı olması gerektiği Anayasa Mahkemesi ve Avrupa İnsan Hakları Mahkemesi kararlarıyla sabittir. Somut olaya dönülürse; Barış’ın kullandığı “kaypak” ifadesi hakaret türlerinden sövme kapsamına girer. Ancak Yargıtay kararlarına bakıldığında gerek toplumda yaygınlık gerekse sorumluluğun daraltılması gibi kaygılarla bu tür ifadeler “rahatsız edici, kaba söz” olarak değerlendirilmektedir. Yani sosyal anlamda hakaret sayılabilir ve bu haksız bir fiildir. Yukarıda haksız tahrik için koşulan şartlardan ilkini karşılar. Ancak suç teşkil etmesi yoruma bağlıdır. Bu tür ifadeler genelde ceza hukuku dışında bırakılmaya çalışılmaktadır.",
            "students_answers": [
                {
                    "student_id": "student_001",
                    "answer": "“Kaypak” ifadesinin hakaret veya küçük düşürücü olup olmadığını tartışmamız gerekirse bu ithamın bir argo ve kaba bir sözcük olduğu aşikardır. Ancak hakaret boyutuna ulaşıp ulaşmadığı tartışılmalıdır. Yargıtay’ın yerleşmiş içtihatlarına göre “kaypak” ifadesi hakaret suçunu oluşturmamaktadır. Hakaret suçu kapsamında bu ifadeyi değerlendirecek olursak hakaret suçunun oluşumu için kişinin onur ve şerefine yönelik rencide edici bir ifadenin kullanılmış olması gerekmektedir. Bu ifadenin hakaret boyutuna varmayan kaba bir söz olduğunu düşünmekle birlikte Yargıtay’ın yerleşmiş içtihadına katılmaktayım. Bu ifadenin kişinin onur ve şerefini rencide edici nitelikte bir ağırlıkta olmadığı düşüncesindeyim. İfade özgürlüğü açısında bir değerlendirme yapmak gerekirse; ifade özgürlüğü anayasada düzenlenmiş önemli haklardan biridir. Ancak bu anayasal hak ile TCK’de yer alan hakaret suçu arasında çok ince bir çizgi yer almaktadır. Kişi ifade özgürlüğü hakkını kullanırken hakaret içeren söylemlerde bulunmamaya da dikkat etmek zorundadır. Hakaret suçunun ifade özgürlüğüne engel teşkil ettiği ve bu nedenle suç olmaktan çıkarılması gerektiği düşüncesinde olan hukukçular da mevcuttur. En azından yaptırım olarak hapis cezası değil de diğer tedbirlerin uygulanması gerektiği savunulmaktadır. Özel hukuk yoluyla özellikle tazminatla bir koruma sağlanması gerektiği görüşü yaygındır. Ancak olay açısından değerlendirilecek olursak burada ifade özürlüğüne engel bir durum bulunmamakla beraber kullanılmış olan ifadenin de hakaret boyuna varmayan argo bir sözcük olduğu kabul edilmelidir."
                }
            ]
        },
        {
            "question_id": "soru3",
            "text": "Kasten yaralama suçunun hukuki tanımını yapınız. Savaş’ın eyleminin kasten yaralama suçunu oluşturup oluşturmadığını ve bu suçun unsurlarını tartışınız. Savaş’ın eylemi bu unsurları taşıyor mudur? Açıklayınız. (Suçun unsurları, objektif ve subjektif unsurlar, fiil, netice, illiyet bağı)",
            "model_answer": "Kasten yaralama suçu Türk Ceza Kanununun 86. maddesinde “kasten başkasının vücuduna acı verme, sağlığının veya algılama yeteneğinin bozulmasına neden olma” şeklinde tanımlanmıştır. Suçun temel manevi unsuru kasttır. Bazı amaç ve saiklerin bulunması nitelikli hallerde ele alınır. Objektif unsurlardan fiil, tanımda sayılan etkileri doğurmaya elverişli herhangi bir harekettir. İşleniş biçimi ve kullanılan araçlar yine suçu nitelikli hale getirebilir. Netice unsuru ise vücutta acı meydana gelmesi, sağlığın veya algılama yeteneğinin bozulmasıdır. Bazı sayılı neticeler netice sebebiyle ağırlaşmış suç hükümlerini gündeme getirir. Bu suç için objektif cezalandırma şartı öngörülmemiştir. İlliyet bağı doğal bir fenomendir. Neticenin fiile bağlanabilirliğini ifade eder. Objektif isnadiyet ise sorumluluğun faile nesnel olarak yüklenebilmesiyle ilgilidir. Savaş’ın gerçekleştirdiği eylem bu suçun unsurlarını taşımaktadır. Barış’ın burnu kırıldığı için neticesi sebebiyle ağırlaşmış kasten yaralama hükümlerine (TCK m. 87) gidilmelidir. Olayda bir hukuka uygunluk sebebi mevcut değildir fakat haksız tahrik tartışılabilir. Barış’ın söylemleri haksız fiil sayılabilir. Bunlar Savaş’ta öfkeye yol açmış görünmektedir. Bu öfkenin etkisi altında suçu işlediğinden haksız tahrik indirimi yapılabilir.",
            "students_answers": [
                {
                    "student_id": "student_001",
                    "answer": "Kasten yaralama bir kimsenin vücut bütünlüğüne veya akıl sağlığına kasten zarar vermek şeklinde ifade edilir. Sadece vücut bütünlüğü değil algılama yeteneği üzerinde bozucu etki yaratacak bir fiil de kasten yaralama suçunu oluşturabilecektir bu hususa dikkate dilmelidir. Olay Barış ile Savaşın kopya için anlaşması üzerine Savaş’ın kopya vermemesi ve Barış’ın kaypak şeklinde ifadelerle karşılık vermesi sonucu Barış’ın Savaş’ın fiilleri sonucu yaralanmasıdır. Suçun unsurları maddi ve manevi unsur şeklinde sınıflandırılabilecektir. Değerlendirilmesi gereken kanun maddeleri TCKm86/87 Maddi unsurlar Fiil Burada fiil bir kimsenin vücut bütünlüğüne zarar vermek veya algılama yeteneğini bozmak şeklinde vuku bulmaktadır. Kasten yaralama suçu serbest hareketli bir suçtur çünkü kanunda herhangi bir şekilde suçun ne şekilde gerçekleşeceği yazılmamıştır. Bu suç bir neticeli suçtur dolayısıyla vücut bütünlüğüne bir zarar veya algılama yeteneğinde bir bozulma meydana gelmiş olmalıdır. Kasten yaralama tek hareketli bir suçtur. Vücut bütünlüğüne zarar verilmiş olması veya algılama yeteneğinin bozulmuş olması için tek hareketin varlığı yeterlidir. Olay açısından değerlendirecek olursak Savaş’ın muşta kullanarak Barış’ın burnuna atmış olduğu yumruk onun vücut bütünlüğünü bozmuş hatta kasten yaralamanın nitelikli hali olan silahla yaralama suçu işlenmiştir. Burada muşta silah olarak değerlendirilebilecektir. Ayrıca vücutta kemik kırığına neden olma zaten neticesi sebebiyle ağırlaşmış yaralama suçunu oluşturacaktır 2.Fail Fail suçu işleyen haksız hareket ile kişinin vücuduna zarar veren herhangi bir kişi olabilecektir. Bu suç bakımından faillik açısından bir özellik arz etmemektedir herkes tarafından işlenebilen bir suçtur, özgü suç niteliği bulunmamaktadır ancak kamu görevlisi tarafından işlenmiş olması cezayı artıran bir hal olarak düzenlenmiştir. Olayda kasten yaralama suçu açısından failimiz Savaş’tır. Herhangi bir özellik arz etmemektedir. 3.Konu Suçun konusu suçun üzerinde işlenmiş olduğu şey veya insan vücududur. Bu açıdan bakılırsa suçlar zarar ve tehlike suçu olarak ikiye ayrılmaktadır. Kasten yaralama suçu bir zarar suçudur. Çünkü zarar suçu, suçun konusunun somut olarak zarara uğraması gerekmektedir. Olayımızda da Barış’ın burnu kırılmıştır ve zarar meydana gelmiştir. Olay açısından değerlendirilecek olursa kasten yaralama suçunun konusu insan vücududur. Burada suçun konusu Barış’ın vücududur. 4.Mağdur Mağdur kendisine yönelmiş olan fiil sonucu doğrudan doğruya zarara uğramış kişidir. Bazı suçlarda mağdur açısından özel durumlar mevcuttur ancak kasten yaralama suçu açısından özellik arz etmez dolayısıyla suçun mağduru herkes olabilecektir. Ancak bazı durumlarda mağdurun vasfı cezayı artırıcı hal olabilmektedir. Olayımız açısından böyle bir durum da söz konusu değildir. Olayda kasten yaralama suçunun mağduru Barış’tır. 5.İlliyet Bağı İlliyet bağı hareket ile netice arasında bir ilişkinin bulunmuş olmasıdır. Bu ilişkiyi açıklamak için bazı teoriler bulunmaktadır. Bunlardan en önemlisi olan şart teorisine değinmek gerekmektedir. Şart teorisi her şartın neticenin oluşumu için eşit değere sahip olduğunu ifade etmektedir. Yani şartlardan her biri neticenin oluşumu için zorunludur. İlliyet bağı genellikle neticeli suçlarda aranmaktadır. Sırf hareket suçları hareketin yapmış olmasıyla zaten gerçekleşmiş olurlar. Kasten yaralama suçu neticeli bir suç olduğundan burada da hareket ile netice arasında bir illiyet bağı aranmalıdır. Olayda Savaş’ın yumruk atma fiili sonucu Barış yaralanmış ve burnu kırılmıştır. Dolayısıyla illiyet bağının varlığını kabul etmemiz gerekecektir. Ayrıca olayda özel bir illiyet bağı türü bulunmamaktadır. 6.Netice Failin fiili sonucu aranan bir sonuç, bir değişikliktir. Fail kendi hareketleri ile bu neticeye sebebiyet vermiş olmalıdır. Olay açısından kasten yaralama suçunun neticesi olan vücut bütünlüğüne zarar Barış’ın burnunun kırılmasıyla gerçekleşmiştir. 7.Nitelikli Haller Kasten yaralama suçunun nitelikli halleri 86. Maddede düzenlenmiştir. Ayrıca 87. Maddede neticesi sebebiyle ağırlaşmış yaralama da düzenleme alanı bulmaktadır. Nitelikli haller cezayı artırabileceği gibi azaltadabilir. Olay açısından değerlendirildiğinde olayımızda muşta bir silah olarak kabul edilerek bu suçun silahla işlenmiş olduğu söylenebilir. Kasten yaralama suçunun silahla işlenmesi cezayı artıran nitelikli hal olarak düzenlenmiştir. Ayrıca burada bu suç neticesi sebebiyle ağırlaşmış yaralama suçu olduğundan bu açıdan bir değerlendirme yapılması gerekirse vücutta kemik kırığına neden olunmuş olması bizi 87. Maddeye götürmektedir. Bu maddeye göre 86. Maddeye göre verilecek cezanın artırılarak verilmesi gerektiği düzenlenmiştir. Dolayısıyla Savaş’ın fiili kemik kırığına neden olduğundan bu kapsamda değerlendirilerek cezasının artırılması gerekmektedir. Manevi Unsurlar Suçun manevi unsurları kast ve taksir olarak ikiye ayrılır. Aslında suçlar ancak kasten işlenebilmektedir ancak kanun koyucunun düzenlemiş olduğu bazı suçlar açısından taksirle de işlenebileceği öngörülmektedir. Yani taksirli suçlar ancak kanunda düzenlenmişse cezalandırılacaktır. Kasten yaralama suçunun manevi unsuru kasttır. Ancak burada kanun koyucu yaralama suçunun taksirle de işlenebileceğini düzenlemiştir. Kast suçun maddi unsurlarının bilerek ve istenerek meydana getirilmesi olarak tanımlanmaktadır. Yani burada bilme ve isteme unsurları bir arada bulunmalıdır. Kastın doğrudan kast ve olası kast olmak üzere iki türü vardır. Ancak olay açısından değerlendirmemiz gereken doğrudan kasttır. Dolayısıyla manevi unsur açısından olayı değerlendirecek olursak burada Savaş doğrudan kastla hareket etmekte, fiilinin sonucunu biliyor ve bu sonucu istiyor olduğundan doğrudan kast ile cezalandırılması gerekmektedir. Hukuka Uygunluk Sebepleri Hukuka uygunluk sebepleri fiilin hukuka uygun bir şekilde vuku bulmasını sağlamaktadır. Bu sebeplerin varlığı halinde ceza indirilir veya cezaya hükmolunmaz. TCK’de hukuka uygunluk nedenleri 5 tane olarak düzenlenmiştir. Bunlar: Kanun hükmünü yerine getirme Hukuka uygun emrin ifası Meşru müdafaa İlgilinin rızası Hakkın kullanılmasıdır. Olay açısından değerlendirdiğimizde herhangi bir hukuka uygunluk nedeni bulunmamaktadır. Kusurluluk Kusurluluk işlediği fiil dolayısıyla kişinin kınanabilmesidir. Failin cezalandırılması onun kusurlu olmasına bağlıdır. Kusurluluk addedilebilmesi için algılama yeteneği ve irade yeteneği olmak üzere iki unsurun bulunması gerekmektedir. Kusurluluk halleri de kanunda sayılmıştır. Bunlar: Zorunluluk hali, yaş küçüklüğü, akıl hastalığı, sağır dilsizlik, geçici nedenler, hukuka aykırı bağlayıcı emrin yerine getirilmesi ve haksız tahriktir. Olay açısından değerlendirecek olursak burada kusurluluğu etkileyen bir hal olarak haksız tahrik hükümlerinin uygulanabileceği söylenebilir. Haksız tahrik cezayı kaldıran hal değil de cezayı indiren bir hal olarak düzenlenmiştir. Olay açısından değerlendirilirse haksız tahrik indiriminin uygulanması için öncelikle haksız bir hareketin varlığı ve dolayısıyla failin suçu bu hareketler nedeniyle yaşadığı hiddetli elem neticesinde işlemiş olması gerekmektedir. Yukarıda da açıklandığı üzere fail hakkında haksız tahrik indirimin uygulanması gerektiği kanaatindeyim."
                }
            ]
        }
    ],
    "scores": {
        "soru1": {
            "student_001": 85
        },
        "soru2": {
            "student_001": 90
        },
        "soru3": {
            "student_001": 80
        }
    }
}
